{
  "schema": "http://example.org/specification/v2.0.0",
  "metadata": {
  },
  "global": {
    "application.def": ".slider/package/STORM/slider-storm-app-package-0.10.0.2.3.2.0-2950.zip",
    "java_home": "/usr/jdk64/jdk1.7.0_67",
    "create.default.zookeeper.node": "true",

    "site.global.app_user": "${USER_NAME}",
    "site.global.app_version": "0.10.0.2.3.2.0-2950",
    "site.global.app_root": "${AGENT_WORK_ROOT}/app/install/apache-storm-0.10.0.2.3.2.0-2950",
    "site.global.user_group": "hadoop",

    "site.global.metric_collector_host": "${NN_HOST}",
    "site.global.metric_collector_port": "6188",
    "site.global.metric_collector_lib": "",

    "site.storm-site.metrics.reporter.register" : "org.apache.hadoop.metrics2.sink.storm.StormTimelineMetricsReporter",
    "site.storm-site.storm.log.dir" : "${AGENT_LOG_ROOT}",
    "site.storm-site.storm.zookeeper.servers": "['${ZK_HOST}']",
    "site.storm-site.nimbus.thrift.port": "${NIMBUS.ALLOCATED_PORT}",
    "site.storm-site.storm.local.dir": "${AGENT_WORK_ROOT}/app/tmp/storm",
    "site.storm-site.transactional.zookeeper.root": "/transactional",
    "site.storm-site.storm.zookeeper.port": "2181",
    "site.storm-site.nimbus.childopts": "-Xmx1024m -Djava.security.auth.login.config=${AGENT_WORK_ROOT}/app/install/apache-storm-0.10.0.2.3.2.0-2950/conf/storm_jaas.conf -javaagent:${AGENT_WORK_ROOT}/app/install/apache-storm-0.10.0.2.3.2.0-2950/external/storm-jmxetric/lib/jmxetric-1.0.4.jar=host=${@//site/global/metric_collector_host},port=${@//site/global/metric_collector_port},wireformat31x=true,mode=multicast,config=${AGENT_WORK_ROOT}/app/install/apache-storm-0.10.0.2.3.2.0-2950/external/storm-jmxetric/conf/jmxetric-conf.xml,process=Nimbus_JVM",
    "site.storm-site.supervisor.childopts": "-Xmx256m -Djava.security.auth.login.config=${AGENT_WORK_ROOT}/app/install/apache-storm-0.10.0.2.3.2.0-2950/conf/storm_jaas.conf -javaagent:${AGENT_WORK_ROOT}/app/install/apache-storm-0.10.0.2.3.2.0-2950/external/storm-jmxetric/lib/jmxetric-1.0.4.jar=host=${@//site/global/metric_collector_host},port=${@//site/global/metric_collector_port},wireformat31x=true,mode=multicast,config=${AGENT_WORK_ROOT}/app/install/apache-storm-0.10.0.2.3.2.0-2950/external/storm-jmxetric/conf/jmxetric-conf.xml,process=Supervisor_JVM",
    "site.storm-site.ui.childopts": "-Xmx768m -Djava.security.auth.login.config=${AGENT_WORK_ROOT}/app/install/apache-storm-0.10.0.2.3.2.0-2950/conf/storm_jaas.conf",
    "site.storm-site.worker.childopts": "-Xmx768m -javaagent:${AGENT_WORK_ROOT}/app/install/apache-storm-0.10.0.2.3.2.0-2950/external/storm-jmxetric/lib/jmxetric-1.0.4.jar=host=${@//site/global/metric_collector_host},port=${@//site/global/metric_collector_port},wireformat31x=true,mode=multicast,config=${AGENT_WORK_ROOT}/app/install/apache-storm-0.10.0.2.3.2.0-2950/external/storm-jmxetric/conf/jmxetric-conf.xml,process=Worker_%ID%_JVM",
    "site.storm-site.dev.zookeeper.path": "${AGENT_WORK_ROOT}/app/tmp/dev-storm-zookeeper",
    "site.storm-site.drpc.invocations.port": "0",
    "site.storm-site.storm.zookeeper.root": "${DEFAULT_ZK_PATH}",
    "site.storm-site.transactional.zookeeper.port": "null",
    "site.storm-site.nimbus.host": "${NIMBUS_HOST}",
    "site.storm-site.ui.port": "${STORM_UI_SERVER.ALLOCATED_PORT}",
    "site.storm-site.supervisor.slots.ports": "[${SUPERVISOR.ALLOCATED_PORT}{PER_CONTAINER},${SUPERVISOR.ALLOCATED_PORT}{PER_CONTAINER}]",
    "site.storm-site.drpc.port": "0",
    "site.storm-site.logviewer.port": "${SUPERVISOR.ALLOCATED_PORT}{PER_CONTAINER}",

    "site.storm-site.nimbus.authorizer": "backtype.storm.security.auth.authorizer.SimpleACLAuthorizer",
    "site.storm-site.storm.thrift.transport": "backtype.storm.security.auth.kerberos.KerberosSaslTransportPlugin",
    "site.storm-site.java.security.auth.login.config": "${AGENT_WORK_ROOT}/app/install/apache-storm-0.10.0.2.3.2.0-2950/conf/storm_jaas.conf",
    "site.storm-site.storm.principal.tolocal": "backtype.storm.security.auth.KerberosPrincipalToLocal",
    "site.storm-site.storm.zookeeper.superACL": "sasl:${USER_NAME}",
    "site.storm-site.nimbus.admins": "['${USER_NAME}']",
    "site.storm-site.nimbus.users": "['${USER_NAME}']",
    "site.storm-site.nimbus.supervisor.users": "['${USER_NAME}']",
    "site.storm-site.nimubs.authorizer": "backtype.storm.security.auth.authorizer.SimpleACLAuthorizer", 
    "site.storm-site.storm.thrift.transport": "backtype.storm.security.auth.kerberos.KerberosSaslTransportPlugin",
    "site.storm-site.storm.principal.tolocal": "backtype.storm.security.auth.KerberosPrincipalToLocal",
    "site.storm-site.ui.filter": "org.apache.hadoop.security.authentication.server.AuthenticationFilter",
    "site.storm-site.ui.filter.params": "{'type': 'kerberos', 'kerberos.principal': 'HTTP/_HOST', 'kerberos.keytab': '/etc/security/keytabs/spnego.service.keytab', 'kerberos.name.rules': 'RULE:[2:$1@$0]([jt]t@.*EXAMPLE.COM)s/.*/$MAPRED_USER/ RULE:[2:$1@$0]([nd]n@.*EXAMPLE.COM)s/.*/$HDFS_USER/DEFAULT'}",

    "site.storm-env.kerberos_domain": "EXAMPLE.COM",
    "site.storm-env.storm_client_principal_name": "${USER_NAME}@EXAMPLE.COM",
    "site.storm-env.storm_server_principal_name": "${USER_NAME}/_HOST@EXAMPLE.COM",
    "site.storm-env.storm_client_keytab": "${AGENT_WORK_ROOT}/keytabs/${USER_NAME}.STORM.client.keytab",
    "site.storm-env.storm_server_keytab": "${AGENT_WORK_ROOT}/keytabs/${USER_NAME}.STORM.nimbus.keytab"
    
  },
  "components": {
    "slider-appmaster": {
      "jvm.heapsize": "256M",
      "slider.hdfs.keytab.dir": ".slider/keytabs/storm",
      "slider.am.login.keytab.name": "${USER_NAME}.headless.keytab",
      "slider.keytab.principal.name": "${USER_NAME}"
    }
  }
}
