{
    "Component": {
        "NIMBUS": {
            "FreeSlots": {
                "metric": "$['slotsFree']",
                "pointInTime": true,
                "temporal": false
            },
            "Tasks": {
                "metric": "$['tasksTotal']",
                "pointInTime": true,
                "temporal": false
            },
            "Executors": {
                "metric": "$['executorsTotal']",
                "pointInTime": true,
                "temporal": false
            },
            "Topologies": {
                "metric": "$['topologies']",
                "pointInTime": true,
                "temporal": false
            },
            "NimbusUptime": {
                "metric": "$['nimbusUptime']",
                "pointInTime": true,
                "temporal": false
            }
        }
    }
}
